id,name,category,icon_path,declared_sha256,work_exists,work_sha256,handoff_source_exists,handoff_source_sha256,handoff_program_exists,handoff_program_sha256,all_three_match_declared,file_name_matches_id,base_equipment_id,base_reference_exists,component_ids,component_references_exist
currency_wars_equipment_001,命运圣杯星徽,faction_emblem,assets/currency_wars_equipment_icons/currency_wars_equipment_001.png,501478d2b05cfdb8b55ff859d64f074347885803bb1a6d62cf79a2463e536dd0,True,501478d2b05cfdb8b55ff859d64f074347885803bb1a6d62cf79a2463e536dd0,True,501478d2b05cfdb8b55ff859d64f074347885803bb1a6d62cf79a2463e536dd0,True,501478d2b05cfdb8b55ff859d64f074347885803bb1a6d62cf79a2463e536dd0,True,True,,True,,True
currency_wars_equipment_002,分裂•圣杯,fate_component,assets/currency_wars_equipment_icons/currency_wars_equipment_002.png,9c8bafb41cc081b61811196ad180dce749b04c54725fde5d09a3ab0766741780,True,9c8bafb41cc081b61811196ad180dce749b04c54725fde5d09a3ab0766741780,True,9c8bafb41cc081b61811196ad180dce749b04c54725fde5d09a3ab0766741780,True,9c8bafb41cc081b61811196ad180dce749b04c54725fde5d09a3ab0766741780,True,True,,True,,True
currency_wars_equipment_003,圣杯,fate_component,assets/currency_wars_equipment_icons/currency_wars_equipment_003.png,9c8bafb41cc081b61811196ad180dce749b04c54725fde5d09a3ab0766741780,True,9c8bafb41cc081b61811196ad180dce749b04c54725fde5d09a3ab0766741780,True,9c8bafb41cc081b61811196ad180dce749b04c54725fde5d09a3ab0766741780,True,9c8bafb41cc081b61811196ad180dce749b04c54725fde5d09a3ab0766741780,True,True,,True,,True
currency_wars_equipment_004,天地乖离开辟之星,fate_component,assets/currency_wars_equipment_icons/currency_wars_equipment_004.png,cc6f1dc7a6bca0646026af6139c43c658e6182fbd686040f58dcd24de89d2963,True,cc6f1dc7a6bca0646026af6139c43c658e6182fbd686040f58dcd24de89d2963,True,cc6f1dc7a6bca0646026af6139c43c658e6182fbd686040f58dcd24de89d2963,True,cc6f1dc7a6bca0646026af6139c43c658e6182fbd686040f58dcd24de89d2963,True,True,,True,,True
currency_wars_equipment_005,宝石剑泽尔里奇,fate_component,assets/currency_wars_equipment_icons/currency_wars_equipment_005.png,01b3a550d1ab3f78d27ba856e15c50a3c05c399f9a281ae4ad7352dced994f0f,True,01b3a550d1ab3f78d27ba856e15c50a3c05c399f9a281ae4ad7352dced994f0f,True,01b3a550d1ab3f78d27ba856e15c50a3c05c399f9a281ae4ad7352dced994f0f,True,01b3a550d1ab3f78d27ba856e15c50a3c05c399f9a281ae4ad7352dced994f0f,True,True,,True,,True
currency_wars_equipment_006,干将莫邪,fate_component,assets/currency_wars_equipment_icons/currency_wars_equipment_006.png,8acf2cd30d8767f494c80a77d6b34df19bde721eddcbdddfcf4002161122e1ca,True,8acf2cd30d8767f494c80a77d6b34df19bde721eddcbdddfcf4002161122e1ca,True,8acf2cd30d8767f494c80a77d6b34df19bde721eddcbdddfcf4002161122e1ca,True,8acf2cd30d8767f494c80a77d6b34df19bde721eddcbdddfcf4002161122e1ca,True,True,,True,,True
currency_wars_equipment_007,极•天地乖离开辟之星,fate_component,assets/currency_wars_equipment_icons/currency_wars_equipment_007.png,cc6f1dc7a6bca0646026af6139c43c658e6182fbd686040f58dcd24de89d2963,True,cc6f1dc7a6bca0646026af6139c43c658e6182fbd686040f58dcd24de89d2963,True,cc6f1dc7a6bca0646026af6139c43c658e6182fbd686040f58dcd24de89d2963,True,cc6f1dc7a6bca0646026af6139c43c658e6182fbd686040f58dcd24de89d2963,True,True,,True,,True
currency_wars_equipment_008,极•宝石剑泽尔里奇,fate_component,assets/currency_wars_equipment_icons/currency_wars_equipment_008.png,01b3a550d1ab3f78d27ba856e15c50a3c05c399f9a281ae4ad7352dced994f0f,True,01b3a550d1ab3f78d27ba856e15c50a3c05c399f9a281ae4ad7352dced994f0f,True,01b3a550d1ab3f78d27ba856e15c50a3c05c399f9a281ae4ad7352dced994f0f,True,01b3a550d1ab3f78d27ba856e15c50a3c05c399f9a281ae4ad7352dced994f0f,True,True,,True,,True
currency_wars_equipment_009,极•干将莫邪,fate_component,assets/currency_wars_equipment_icons/currency_wars_equipment_009.png,8acf2cd30d8767f494c80a77d6b34df19bde721eddcbdddfcf4002161122e1ca,True,8acf2cd30d8767f494c80a77d6b34df19bde721eddcbdddfcf4002161122e1ca,True,8acf2cd30d8767f494c80a77d6b34df19bde721eddcbdddfcf4002161122e1ca,True,8acf2cd30d8767f494c80a77d6b34df19bde721eddcbdddfcf4002161122e1ca,True,True,,True,,True
currency_wars_equipment_010,极•阿瓦隆,fate_component,assets/currency_wars_equipment_icons/currency_wars_equipment_010.png,f3bed270b62a20ee5b4fd20767f8490872a12d701bdbd3f86783fbdf0128fb20,True,f3bed270b62a20ee5b4fd20767f8490872a12d701bdbd3f86783fbdf0128fb20,True,f3bed270b62a20ee5b4fd20767f8490872a12d701bdbd3f86783fbdf0128fb20,True,f3bed270b62a20ee5b4fd20767f8490872a12d701bdbd3f86783fbdf0128fb20,True,True,,True,,True
currency_wars_equipment_011,穿刺死棘之枪,fate_component,assets/currency_wars_equipment_icons/currency_wars_equipment_011.png,b76cf23e2e2a70f706b61150374fec2a60f2282f18256467d1d8d90591b0a531,True,b76cf23e2e2a70f706b61150374fec2a60f2282f18256467d1d8d90591b0a531,True,b76cf23e2e2a70f706b61150374fec2a60f2282f18256467d1d8d90591b0a531,True,b76cf23e2e2a70f706b61150374fec2a60f2282f18256467d1d8d90591b0a531,True,True,,True,,True
currency_wars_equipment_012,罪孽王冠,fate_component,assets/currency_wars_equipment_icons/currency_wars_equipment_012.png,492d69c4b540dc8354045387b84d3a94ff655c20f3acd373be398708bd4d85d9,True,492d69c4b540dc8354045387b84d3a94ff655c20f3acd373be398708bd4d85d9,True,492d69c4b540dc8354045387b84d3a94ff655c20f3acd373be398708bd4d85d9,True,492d69c4b540dc8354045387b84d3a94ff655c20f3acd373be398708bd4d85d9,True,True,,True,,True
currency_wars_equipment_013,诅咒•圣杯,fate_component,assets/currency_wars_equipment_icons/currency_wars_equipment_013.png,9c8bafb41cc081b61811196ad180dce749b04c54725fde5d09a3ab0766741780,True,9c8bafb41cc081b61811196ad180dce749b04c54725fde5d09a3ab0766741780,True,9c8bafb41cc081b61811196ad180dce749b04c54725fde5d09a3ab0766741780,True,9c8bafb41cc081b61811196ad180dce749b04c54725fde5d09a3ab0766741780,True,True,,True,,True
currency_wars_equipment_014,诅咒•天地乖离开辟之星,fate_component,assets/currency_wars_equipment_icons/currency_wars_equipment_014.png,cc6f1dc7a6bca0646026af6139c43c658e6182fbd686040f58dcd24de89d2963,True,cc6f1dc7a6bca0646026af6139c43c658e6182fbd686040f58dcd24de89d2963,True,cc6f1dc7a6bca0646026af6139c43c658e6182fbd686040f58dcd24de89d2963,True,cc6f1dc7a6bca0646026af6139c43c658e6182fbd686040f58dcd24de89d2963,True,True,,True,,True
currency_wars_equipment_015,诅咒•宝石剑泽尔里奇,fate_component,assets/currency_wars_equipment_icons/currency_wars_equipment_015.png,01b3a550d1ab3f78d27ba856e15c50a3c05c399f9a281ae4ad7352dced994f0f,True,01b3a550d1ab3f78d27ba856e15c50a3c05c399f9a281ae4ad7352dced994f0f,True,01b3a550d1ab3f78d27ba856e15c50a3c05c399f9a281ae4ad7352dced994f0f,True,01b3a550d1ab3f78d27ba856e15c50a3c05c399f9a281ae4ad7352dced994f0f,True,True,,True,,True
currency_wars_equipment_016,诅咒•干将莫邪,fate_component,assets/currency_wars_equipment_icons/currency_wars_equipment_016.png,8acf2cd30d8767f494c80a77d6b34df19bde721eddcbdddfcf4002161122e1ca,True,8acf2cd30d8767f494c80a77d6b34df19bde721eddcbdddfcf4002161122e1ca,True,8acf2cd30d8767f494c80a77d6b34df19bde721eddcbdddfcf4002161122e1ca,True,8acf2cd30d8767f494c80a77d6b34df19bde721eddcbdddfcf4002161122e1ca,True,True,,True,,True
currency_wars_equipment_017,诅咒•阿瓦隆,fate_component,assets/currency_wars_equipment_icons/currency_wars_equipment_017.png,f3bed270b62a20ee5b4fd20767f8490872a12d701bdbd3f86783fbdf0128fb20,True,f3bed270b62a20ee5b4fd20767f8490872a12d701bdbd3f86783fbdf0128fb20,True,f3bed270b62a20ee5b4fd20767f8490872a12d701bdbd3f86783fbdf0128fb20,True,f3bed270b62a20ee5b4fd20767f8490872a12d701bdbd3f86783fbdf0128fb20,True,True,,True,,True
currency_wars_equipment_020,阿瓦隆,fate_component,assets/currency_wars_equipment_icons/currency_wars_equipment_020.png,f3bed270b62a20ee5b4fd20767f8490872a12d701bdbd3f86783fbdf0128fb20,True,f3bed270b62a20ee5b4fd20767f8490872a12d701bdbd3f86783fbdf0128fb20,True,f3bed270b62a20ee5b4fd20767f8490872a12d701bdbd3f86783fbdf0128fb20,True,f3bed270b62a20ee5b4fd20767f8490872a12d701bdbd3f86783fbdf0128fb20,True,True,,True,,True
currency_wars_equipment_021,欢愉星徽,style_emblem,assets/currency_wars_equipment_icons/currency_wars_equipment_021.png,5790f420123a8c5c13f73666891d70bc7384c7061d990ecbc7071d6ebb073f12,True,5790f420123a8c5c13f73666891d70bc7384c7061d990ecbc7071d6ebb073f12,True,5790f420123a8c5c13f73666891d70bc7384c7061d990ecbc7071d6ebb073f12,True,5790f420123a8c5c13f73666891d70bc7384c7061d990ecbc7071d6ebb073f12,True,True,,True,currency_wars_equipment_084;currency_wars_equipment_038,True
currency_wars_equipment_022,分身墨镜,hacking_component,assets/currency_wars_equipment_icons/currency_wars_equipment_022.png,f0441e17ce30349f9454dc72c5730e631a70843499c9b1692d410783a8b914ea,True,f0441e17ce30349f9454dc72c5730e631a70843499c9b1692d410783a8b914ea,True,f0441e17ce30349f9454dc72c5730e631a70843499c9b1692d410783a8b914ea,True,f0441e17ce30349f9454dc72c5730e631a70843499c9b1692d410783a8b914ea,True,True,,True,,True
currency_wars_equipment_023,分身墨镜Max,hacking_component,assets/currency_wars_equipment_icons/currency_wars_equipment_023.png,f0441e17ce30349f9454dc72c5730e631a70843499c9b1692d410783a8b914ea,True,f0441e17ce30349f9454dc72c5730e631a70843499c9b1692d410783a8b914ea,True,f0441e17ce30349f9454dc72c5730e631a70843499c9b1692d410783a8b914ea,True,f0441e17ce30349f9454dc72c5730e631a70843499c9b1692d410783a8b914ea,True,True,,True,,True
currency_wars_equipment_024,扑满病毒,hacking_component,assets/currency_wars_equipment_icons/currency_wars_equipment_024.png,a1cb19ac93cdcdefe2cf4d4f98e32770f1b60e047b33a25e9e2daee54912419c,True,a1cb19ac93cdcdefe2cf4d4f98e32770f1b60e047b33a25e9e2daee54912419c,True,a1cb19ac93cdcdefe2cf4d4f98e32770f1b60e047b33a25e9e2daee54912419c,True,a1cb19ac93cdcdefe2cf4d4f98e32770f1b60e047b33a25e9e2daee54912419c,True,True,,True,,True
currency_wars_equipment_025,扑满病毒Max,hacking_component,assets/currency_wars_equipment_icons/currency_wars_equipment_025.png,a1cb19ac93cdcdefe2cf4d4f98e32770f1b60e047b33a25e9e2daee54912419c,True,a1cb19ac93cdcdefe2cf4d4f98e32770f1b60e047b33a25e9e2daee54912419c,True,a1cb19ac93cdcdefe2cf4d4f98e32770f1b60e047b33a25e9e2daee54912419c,True,a1cb19ac93cdcdefe2cf4d4f98e32770f1b60e047b33a25e9e2daee54912419c,True,True,,True,,True
currency_wars_equipment_026,扑满病毒Pro,hacking_component,assets/currency_wars_equipment_icons/currency_wars_equipment_026.png,a1cb19ac93cdcdefe2cf4d4f98e32770f1b60e047b33a25e9e2daee54912419c,True,a1cb19ac93cdcdefe2cf4d4f98e32770f1b60e047b33a25e9e2daee54912419c,True,a1cb19ac93cdcdefe2cf4d4f98e32770f1b60e047b33a25e9e2daee54912419c,True,a1cb19ac93cdcdefe2cf4d4f98e32770f1b60e047b33a25e9e2daee54912419c,True,True,,True,,True
currency_wars_equipment_027,数据拷贝仪,hacking_component,assets/currency_wars_equipment_icons/currency_wars_equipment_027.png,9ef6d5af3970dd9023021ac532d72a3a1a3c57b97507a99b432677be3635b4af,True,9ef6d5af3970dd9023021ac532d72a3a1a3c57b97507a99b432677be3635b4af,True,9ef6d5af3970dd9023021ac532d72a3a1a3c57b97507a99b432677be3635b4af,True,9ef6d5af3970dd9023021ac532d72a3a1a3c57b97507a99b432677be3635b4af,True,True,,True,,True
currency_wars_equipment_028,数据拷贝仪Max,hacking_component,assets/currency_wars_equipment_icons/currency_wars_equipment_028.png,9ef6d5af3970dd9023021ac532d72a3a1a3c57b97507a99b432677be3635b4af,True,9ef6d5af3970dd9023021ac532d72a3a1a3c57b97507a99b432677be3635b4af,True,9ef6d5af3970dd9023021ac532d72a3a1a3c57b97507a99b432677be3635b4af,True,9ef6d5af3970dd9023021ac532d72a3a1a3c57b97507a99b432677be3635b4af,True,True,,True,,True
currency_wars_equipment_029,数据拷贝仪Pro,hacking_component,assets/currency_wars_equipment_icons/currency_wars_equipment_029.png,9ef6d5af3970dd9023021ac532d72a3a1a3c57b97507a99b432677be3635b4af,True,9ef6d5af3970dd9023021ac532d72a3a1a3c57b97507a99b432677be3635b4af,True,9ef6d5af3970dd9023021ac532d72a3a1a3c57b97507a99b432677be3635b4af,True,9ef6d5af3970dd9023021ac532d72a3a1a3c57b97507a99b432677be3635b4af,True,True,,True,,True
currency_wars_equipment_030,星核猎手卡带,hacking_component,assets/currency_wars_equipment_icons/currency_wars_equipment_030.png,5e7cfa755e8919353448b176967365876c4748dca06fd6c1e0ae66e899032788,True,5e7cfa755e8919353448b176967365876c4748dca06fd6c1e0ae66e899032788,True,5e7cfa755e8919353448b176967365876c4748dca06fd6c1e0ae66e899032788,True,5e7cfa755e8919353448b176967365876c4748dca06fd6c1e0ae66e899032788,True,True,,True,,True
currency_wars_equipment_031,星核猎手卡带Max,hacking_component,assets/currency_wars_equipment_icons/currency_wars_equipment_031.png,5e7cfa755e8919353448b176967365876c4748dca06fd6c1e0ae66e899032788,True,5e7cfa755e8919353448b176967365876c4748dca06fd6c1e0ae66e899032788,True,5e7cfa755e8919353448b176967365876c4748dca06fd6c1e0ae66e899032788,True,5e7cfa755e8919353448b176967365876c4748dca06fd6c1e0ae66e899032788,True,True,,True,,True
currency_wars_equipment_032,欢愉卡带,hacking_component,assets/currency_wars_equipment_icons/currency_wars_equipment_032.png,41bf730530558f7ffe3c31adc6c4aeca06ab97bc495b8e372d7482642fbb4c53,True,41bf730530558f7ffe3c31adc6c4aeca06ab97bc495b8e372d7482642fbb4c53,True,41bf730530558f7ffe3c31adc6c4aeca06ab97bc495b8e372d7482642fbb4c53,True,41bf730530558f7ffe3c31adc6c4aeca06ab97bc495b8e372d7482642fbb4c53,True,True,,True,,True
currency_wars_equipment_033,欢愉卡带Max,hacking_component,assets/currency_wars_equipment_icons/currency_wars_equipment_033.png,41bf730530558f7ffe3c31adc6c4aeca06ab97bc495b8e372d7482642fbb4c53,True,41bf730530558f7ffe3c31adc6c4aeca06ab97bc495b8e372d7482642fbb4c53,True,41bf730530558f7ffe3c31adc6c4aeca06ab97bc495b8e372d7482642fbb4c53,True,41bf730530558f7ffe3c31adc6c4aeca06ab97bc495b8e372d7482642fbb4c53,True,True,,True,,True
currency_wars_equipment_034,病毒防火墙,hacking_component,assets/currency_wars_equipment_icons/currency_wars_equipment_034.png,0dff01418203ef0b8953f58ea464daa675e1f7dcf15d3e8f7a1862dea70d1d07,True,0dff01418203ef0b8953f58ea464daa675e1f7dcf15d3e8f7a1862dea70d1d07,True,0dff01418203ef0b8953f58ea464daa675e1f7dcf15d3e8f7a1862dea70d1d07,True,0dff01418203ef0b8953f58ea464daa675e1f7dcf15d3e8f7a1862dea70d1d07,True,True,,True,,True
currency_wars_equipment_035,病毒防火墙Max,hacking_component,assets/currency_wars_equipment_icons/currency_wars_equipment_035.png,0dff01418203ef0b8953f58ea464daa675e1f7dcf15d3e8f7a1862dea70d1d07,True,0dff01418203ef0b8953f58ea464daa675e1f7dcf15d3e8f7a1862dea70d1d07,True,0dff01418203ef0b8953f58ea464daa675e1f7dcf15d3e8f7a1862dea70d1d07,True,0dff01418203ef0b8953f58ea464daa675e1f7dcf15d3e8f7a1862dea70d1d07,True,True,,True,,True
currency_wars_equipment_036,破解芯片,hacking_component,assets/currency_wars_equipment_icons/currency_wars_equipment_036.png,7f1683113b9e41cda1a63b4e538b1281cd1da09ce3952c5693e0ebba607626ee,True,7f1683113b9e41cda1a63b4e538b1281cd1da09ce3952c5693e0ebba607626ee,True,7f1683113b9e41cda1a63b4e538b1281cd1da09ce3952c5693e0ebba607626ee,True,7f1683113b9e41cda1a63b4e538b1281cd1da09ce3952c5693e0ebba607626ee,True,True,,True,,True
currency_wars_equipment_037,管理员手套ProMax,hacking_component,assets/currency_wars_equipment_icons/currency_wars_equipment_037.png,5bac56504b1db84ae69062e3ecd70d19a3b66d62bae4054de1f2e407624032fd,True,5bac56504b1db84ae69062e3ecd70d19a3b66d62bae4054de1f2e407624032fd,True,5bac56504b1db84ae69062e3ecd70d19a3b66d62bae4054de1f2e407624032fd,True,5bac56504b1db84ae69062e3ecd70d19a3b66d62bae4054de1f2e407624032fd,True,True,,True,,True
currency_wars_equipment_038,垃圾袋,special_material,assets/currency_wars_equipment_icons/currency_wars_equipment_038.png,dcff06368995fd6ca429b87f3885c8d6db241fbcd9492ddb245e9ba6b828e98f,True,dcff06368995fd6ca429b87f3885c8d6db241fbcd9492ddb245e9ba6b828e98f,True,dcff06368995fd6ca429b87f3885c8d6db241fbcd9492ddb245e9ba6b828e98f,True,dcff06368995fd6ca429b87f3885c8d6db241fbcd9492ddb245e9ba6b828e98f,True,True,,True,,True
currency_wars_equipment_039,金垃圾袋,special_material,assets/currency_wars_equipment_icons/currency_wars_equipment_039.png,b8999031cac93715af548d29aeae29006fd0ccb2d993f830593dc9d2f3099e49,True,b8999031cac93715af548d29aeae29006fd0ccb2d993f830593dc9d2f3099e49,True,b8999031cac93715af548d29aeae29006fd0ccb2d993f830593dc9d2f3099e49,True,b8999031cac93715af548d29aeae29006fd0ccb2d993f830593dc9d2f3099e49,True,True,,True,,True
currency_wars_equipment_040,以太钻头,basic,assets/currency_wars_equipment_icons/currency_wars_equipment_040.png,3bf2828af7d7ddb7fc4dd7ec056806d1e4c0b52088be0c8ed5f43047b70de715,True,3bf2828af7d7ddb7fc4dd7ec056806d1e4c0b52088be0c8ed5f43047b70de715,True,3bf2828af7d7ddb7fc4dd7ec056806d1e4c0b52088be0c8ed5f43047b70de715,True,3bf2828af7d7ddb7fc4dd7ec056806d1e4c0b52088be0c8ed5f43047b70de715,True,True,,True,,True
currency_wars_equipment_041,光能电池,basic,assets/currency_wars_equipment_icons/currency_wars_equipment_041.png,9f391d51343b6fbdeb159b5832d4013412170df6dd49f2d4f407e54e9f7f0013,True,9f391d51343b6fbdeb159b5832d4013412170df6dd49f2d4f407e54e9f7f0013,True,9f391d51343b6fbdeb159b5832d4013412170df6dd49f2d4f407e54e9f7f0013,True,9f391d51343b6fbdeb159b5832d4013412170df6dd49f2d4f407e54e9f7f0013,True,True,,True,,True
currency_wars_equipment_042,和平手枪,basic,assets/currency_wars_equipment_icons/currency_wars_equipment_042.png,7fe80889efea95eea2445faadc74748aa5c236bad00ed96e1111d6b91b03eb09,True,7fe80889efea95eea2445faadc74748aa5c236bad00ed96e1111d6b91b03eb09,True,7fe80889efea95eea2445faadc74748aa5c236bad00ed96e1111d6b91b03eb09,True,7fe80889efea95eea2445faadc74748aa5c236bad00ed96e1111d6b91b03eb09,True,True,,True,,True
currency_wars_equipment_043,幸运星,basic,assets/currency_wars_equipment_icons/currency_wars_equipment_043.png,0f48b0a0f9fb6045a0c9f0955416a0016e9484e2ef46f3e1f61d84b604019bf7,True,0f48b0a0f9fb6045a0c9f0955416a0016e9484e2ef46f3e1f61d84b604019bf7,True,0f48b0a0f9fb6045a0c9f0955416a0016e9484e2ef46f3e1f61d84b604019bf7,True,0f48b0a0f9fb6045a0c9f0955416a0016e9484e2ef46f3e1f61d84b604019bf7,True,True,,True,,True
currency_wars_equipment_044,折叠小刀,basic,assets/currency_wars_equipment_icons/currency_wars_equipment_044.png,a9e3c2be6eaef07306123fd11a9c326d182a8d7ddebcea7b06489b2783c18de4,True,a9e3c2be6eaef07306123fd11a9c326d182a8d7ddebcea7b06489b2783c18de4,True,a9e3c2be6eaef07306123fd11a9c326d182a8d7ddebcea7b06489b2783c18de4,True,a9e3c2be6eaef07306123fd11a9c326d182a8d7ddebcea7b06489b2783c18de4,True,True,,True,,True
currency_wars_equipment_045,生命之花,basic,assets/currency_wars_equipment_icons/currency_wars_equipment_045.png,08498d5f24560de057cf968027c9dccf579e81bcf04cd8efb03806bda74e0a62,True,08498d5f24560de057cf968027c9dccf579e81bcf04cd8efb03806bda74e0a62,True,08498d5f24560de057cf968027c9dccf579e81bcf04cd8efb03806bda74e0a62,True,08498d5f24560de057cf968027c9dccf579e81bcf04cd8efb03806bda74e0a62,True,True,,True,,True
currency_wars_equipment_046,轮滑鞋,basic,assets/currency_wars_equipment_icons/currency_wars_equipment_046.png,35e375357edaf3cdbe3fd7d57989bf4302350ff428ce1d2160a2c555a94d67b1,True,35e375357edaf3cdbe3fd7d57989bf4302350ff428ce1d2160a2c555a94d67b1,True,35e375357edaf3cdbe3fd7d57989bf4302350ff428ce1d2160a2c555a94d67b1,True,35e375357edaf3cdbe3fd7d57989bf4302350ff428ce1d2160a2c555a94d67b1,True,True,,True,,True
currency_wars_equipment_047,量产型装甲,basic,assets/currency_wars_equipment_icons/currency_wars_equipment_047.png,c261f505b9f0b395cf89838f153c4f073decdb3ec3076a78f9fb12def099d56f,True,c261f505b9f0b395cf89838f153c4f073decdb3ec3076a78f9fb12def099d56f,True,c261f505b9f0b395cf89838f153c4f073decdb3ec3076a78f9fb12def099d56f,True,c261f505b9f0b395cf89838f153c4f073decdb3ec3076a78f9fb12def099d56f,True,True,,True,,True
currency_wars_equipment_048,以牙还牙甲,advanced,assets/currency_wars_equipment_icons/currency_wars_equipment_048.png,0111479a0ccb4585ccb931acbaab0e9771877936a5ce7ae10850242a446e0cb9,True,0111479a0ccb4585ccb931acbaab0e9771877936a5ce7ae10850242a446e0cb9,True,0111479a0ccb4585ccb931acbaab0e9771877936a5ce7ae10850242a446e0cb9,True,0111479a0ccb4585ccb931acbaab0e9771877936a5ce7ae10850242a446e0cb9,True,True,,True,currency_wars_equipment_047;currency_wars_equipment_043,True
currency_wars_equipment_049,信心注入器,advanced,assets/currency_wars_equipment_icons/currency_wars_equipment_049.png,56bea7098d3578a24612068268e277f53e143b1aa23ac0d32df8afadca76c09e,True,56bea7098d3578a24612068268e277f53e143b1aa23ac0d32df8afadca76c09e,True,56bea7098d3578a24612068268e277f53e143b1aa23ac0d32df8afadca76c09e,True,56bea7098d3578a24612068268e277f53e143b1aa23ac0d32df8afadca76c09e,True,True,,True,currency_wars_equipment_047;currency_wars_equipment_044,True
currency_wars_equipment_050,光能盾牌,advanced,assets/currency_wars_equipment_icons/currency_wars_equipment_050.png,4c7f19fa94a7b2845a067e086a52874e66cd3f35ffb3533a14b142dd475fb782,True,4c7f19fa94a7b2845a067e086a52874e66cd3f35ffb3533a14b142dd475fb782,True,4c7f19fa94a7b2845a067e086a52874e66cd3f35ffb3533a14b142dd475fb782,True,4c7f19fa94a7b2845a067e086a52874e66cd3f35ffb3533a14b142dd475fb782,True,True,,True,currency_wars_equipment_041;currency_wars_equipment_047,True
currency_wars_equipment_051,光速螺旋桨,advanced,assets/currency_wars_equipment_icons/currency_wars_equipment_051.png,e6a8adcd7331b1036186a76b3190cd5746b58d89e84e5a6aa07a25860b760eb2,True,e6a8adcd7331b1036186a76b3190cd5746b58d89e84e5a6aa07a25860b760eb2,True,e6a8adcd7331b1036186a76b3190cd5746b58d89e84e5a6aa07a25860b760eb2,True,e6a8adcd7331b1036186a76b3190cd5746b58d89e84e5a6aa07a25860b760eb2,True,True,,True,currency_wars_equipment_040;currency_wars_equipment_046,True
currency_wars_equipment_052,冷笑话引擎,advanced,assets/currency_wars_equipment_icons/currency_wars_equipment_052.png,8558d839f989cfece0189ce7007c88f6deb48c685f9cfb48fa717f2e85273cc9,True,8558d839f989cfece0189ce7007c88f6deb48c685f9cfb48fa717f2e85273cc9,True,8558d839f989cfece0189ce7007c88f6deb48c685f9cfb48fa717f2e85273cc9,True,8558d839f989cfece0189ce7007c88f6deb48c685f9cfb48fa717f2e85273cc9,True,True,,True,currency_wars_equipment_041;currency_wars_equipment_043,True
currency_wars_equipment_053,动能激发剑,advanced,assets/currency_wars_equipment_icons/currency_wars_equipment_053.png,359b80002377cf9ecec3020db298d7dd3210dd5a6041da94304099da2f042d58,True,359b80002377cf9ecec3020db298d7dd3210dd5a6041da94304099da2f042d58,True,359b80002377cf9ecec3020db298d7dd3210dd5a6041da94304099da2f042d58,True,359b80002377cf9ecec3020db298d7dd3210dd5a6041da94304099da2f042d58,True,True,,True,currency_wars_equipment_040;currency_wars_equipment_044,True
currency_wars_equipment_054,反卫星狙击枪,advanced,assets/currency_wars_equipment_icons/currency_wars_equipment_054.png,d56460779d29bc6f8e2169276f523f28c6e341ce95aa0905c903bd5e8cf415f5,True,d56460779d29bc6f8e2169276f523f28c6e341ce95aa0905c903bd5e8cf415f5,True,d56460779d29bc6f8e2169276f523f28c6e341ce95aa0905c903bd5e8cf415f5,True,d56460779d29bc6f8e2169276f523f28c6e341ce95aa0905c903bd5e8cf415f5,True,True,,True,currency_wars_equipment_043;currency_wars_equipment_042,True
currency_wars_equipment_055,反重力皮靴,advanced,assets/currency_wars_equipment_icons/currency_wars_equipment_055.png,4ed72ae50d0fe4badc8ed4aa14681ede39657bbc080e4bc89bc2d18d90f145a3,True,4ed72ae50d0fe4badc8ed4aa14681ede39657bbc080e4bc89bc2d18d90f145a3,True,4ed72ae50d0fe4badc8ed4aa14681ede39657bbc080e4bc89bc2d18d90f145a3,True,4ed72ae50d0fe4badc8ed4aa14681ede39657bbc080e4bc89bc2d18d90f145a3,True,True,,True,currency_wars_equipment_046;currency_wars_equipment_046,True
currency_wars_equipment_056,天基轨道炮,advanced,assets/currency_wars_equipment_icons/currency_wars_equipment_056.png,99b3abc3f7a8173db5accad10cbc62cf4dce5ea3fec2ed23e2d5f8f57c3ec898,True,99b3abc3f7a8173db5accad10cbc62cf4dce5ea3fec2ed23e2d5f8f57c3ec898,True,99b3abc3f7a8173db5accad10cbc62cf4dce5ea3fec2ed23e2d5f8f57c3ec898,True,99b3abc3f7a8173db5accad10cbc62cf4dce5ea3fec2ed23e2d5f8f57c3ec898,True,True,,True,currency_wars_equipment_042;currency_wars_equipment_042,True
currency_wars_equipment_057,很硬的甲,advanced,assets/currency_wars_equipment_icons/currency_wars_equipment_057.png,fe7118a0d80b31261cc4d653850bc491820b4c1be3ba1dedf59a73cdf8eb8618,True,fe7118a0d80b31261cc4d653850bc491820b4c1be3ba1dedf59a73cdf8eb8618,True,fe7118a0d80b31261cc4d653850bc491820b4c1be3ba1dedf59a73cdf8eb8618,True,fe7118a0d80b31261cc4d653850bc491820b4c1be3ba1dedf59a73cdf8eb8618,True,True,,True,currency_wars_equipment_047;currency_wars_equipment_047,True
currency_wars_equipment_058,战场进化手册,advanced,assets/currency_wars_equipment_icons/currency_wars_equipment_058.png,ceb9c15bd35a9524343fec674b485fc4c2695d6bc659a7a2ec311d65e9c4e78e,True,ceb9c15bd35a9524343fec674b485fc4c2695d6bc659a7a2ec311d65e9c4e78e,True,ceb9c15bd35a9524343fec674b485fc4c2695d6bc659a7a2ec311d65e9c4e78e,True,ceb9c15bd35a9524343fec674b485fc4c2695d6bc659a7a2ec311d65e9c4e78e,True,True,,True,currency_wars_equipment_041;currency_wars_equipment_044,True
currency_wars_equipment_059,掩体生成枪,advanced,assets/currency_wars_equipment_icons/currency_wars_equipment_059.png,141d508a6fdef1b32355695aae4ce660ce2ab31ddd97f7a353192992fc7b6c83,True,141d508a6fdef1b32355695aae4ce660ce2ab31ddd97f7a353192992fc7b6c83,True,141d508a6fdef1b32355695aae4ce660ce2ab31ddd97f7a353192992fc7b6c83,True,141d508a6fdef1b32355695aae4ce660ce2ab31ddd97f7a353192992fc7b6c83,True,True,,True,currency_wars_equipment_045;currency_wars_equipment_042,True
currency_wars_equipment_060,斩首行动,advanced,assets/currency_wars_equipment_icons/currency_wars_equipment_060.png,b0adf69dddd5d0a23fdd0fea212c0b83a830ed01a268fbdddcc3f9825bfbc7a5,True,b0adf69dddd5d0a23fdd0fea212c0b83a830ed01a268fbdddcc3f9825bfbc7a5,True,b0adf69dddd5d0a23fdd0fea212c0b83a830ed01a268fbdddcc3f9825bfbc7a5,True,b0adf69dddd5d0a23fdd0fea212c0b83a830ed01a268fbdddcc3f9825bfbc7a5,True,True,,True,currency_wars_equipment_040;currency_wars_equipment_042,True
currency_wars_equipment_061,杀红眼,advanced,assets/currency_wars_equipment_icons/currency_wars_equipment_061.png,f521d20bc46c8e46893fa4ebed01e15fdc6732e627607eaaf062680cad852b7b,True,f521d20bc46c8e46893fa4ebed01e15fdc6732e627607eaaf062680cad852b7b,True,f521d20bc46c8e46893fa4ebed01e15fdc6732e627607eaaf062680cad852b7b,True,f521d20bc46c8e46893fa4ebed01e15fdc6732e627607eaaf062680cad852b7b,True,True,,True,currency_wars_equipment_045;currency_wars_equipment_044,True
currency_wars_equipment_062,步步生花,advanced,assets/currency_wars_equipment_icons/currency_wars_equipment_062.png,4c8eae7c74f190fa5c1fd125f6edcf48bf821f2363f91e4ab6774e0fbb20b8b7,True,4c8eae7c74f190fa5c1fd125f6edcf48bf821f2363f91e4ab6774e0fbb20b8b7,True,4c8eae7c74f190fa5c1fd125f6edcf48bf821f2363f91e4ab6774e0fbb20b8b7,True,4c8eae7c74f190fa5c1fd125f6edcf48bf821f2363f91e4ab6774e0fbb20b8b7,True,True,,True,currency_wars_equipment_045;currency_wars_equipment_046,True
currency_wars_equipment_063,武器大师,advanced,assets/currency_wars_equipment_icons/currency_wars_equipment_063.png,93348c2a315f9c98e8161bda98add1b8f30ca312fd1ca69d1b26d466f4dfcc06,True,93348c2a315f9c98e8161bda98add1b8f30ca312fd1ca69d1b26d466f4dfcc06,True,93348c2a315f9c98e8161bda98add1b8f30ca312fd1ca69d1b26d466f4dfcc06,True,93348c2a315f9c98e8161bda98add1b8f30ca312fd1ca69d1b26d466f4dfcc06,True,True,,True,currency_wars_equipment_042;currency_wars_equipment_044,True
currency_wars_equipment_064,永动机,advanced,assets/currency_wars_equipment_icons/currency_wars_equipment_064.png,20f77f28e219c512cc588f109f488b5ea091da115a8a98ad2968abfc39b6ea7e,True,20f77f28e219c512cc588f109f488b5ea091da115a8a98ad2968abfc39b6ea7e,True,20f77f28e219c512cc588f109f488b5ea091da115a8a98ad2968abfc39b6ea7e,True,20f77f28e219c512cc588f109f488b5ea091da115a8a98ad2968abfc39b6ea7e,True,True,,True,currency_wars_equipment_041;currency_wars_equipment_041,True
currency_wars_equipment_065,流星飞翼,advanced,assets/currency_wars_equipment_icons/currency_wars_equipment_065.png,563ed7f4a54407f1b8ee88e837789e264cb59f4cb17de0460115d5f747796d4b,True,563ed7f4a54407f1b8ee88e837789e264cb59f4cb17de0460115d5f747796d4b,True,563ed7f4a54407f1b8ee88e837789e264cb59f4cb17de0460115d5f747796d4b,True,563ed7f4a54407f1b8ee88e837789e264cb59f4cb17de0460115d5f747796d4b,True,True,,True,currency_wars_equipment_047;currency_wars_equipment_046,True
currency_wars_equipment_066,火力风暴潮,advanced,assets/currency_wars_equipment_icons/currency_wars_equipment_066.png,3f53c178daa9ce82877b9e7bf4d39f0dcac781e269e892b800f0551c68d6f548,True,3f53c178daa9ce82877b9e7bf4d39f0dcac781e269e892b800f0551c68d6f548,True,3f53c178daa9ce82877b9e7bf4d39f0dcac781e269e892b800f0551c68d6f548,True,3f53c178daa9ce82877b9e7bf4d39f0dcac781e269e892b800f0551c68d6f548,True,True,,True,currency_wars_equipment_044;currency_wars_equipment_046,True
currency_wars_equipment_067,热血沸腾拳,advanced,assets/currency_wars_equipment_icons/currency_wars_equipment_067.png,111a5d051a9c8ceea2486d22098c6f919130418e525d151f6098ce9fa1625389,True,111a5d051a9c8ceea2486d22098c6f919130418e525d151f6098ce9fa1625389,True,111a5d051a9c8ceea2486d22098c6f919130418e525d151f6098ce9fa1625389,True,111a5d051a9c8ceea2486d22098c6f919130418e525d151f6098ce9fa1625389,True,True,,True,currency_wars_equipment_045;currency_wars_equipment_043,True
currency_wars_equipment_068,物质分解液,advanced,assets/currency_wars_equipment_icons/currency_wars_equipment_068.png,4204a0b84679223ecf29a6ca036e6aa95957cf6cd33512c64e55e6ae576dbb2e,True,4204a0b84679223ecf29a6ca036e6aa95957cf6cd33512c64e55e6ae576dbb2e,True,4204a0b84679223ecf29a6ca036e6aa95957cf6cd33512c64e55e6ae576dbb2e,True,4204a0b84679223ecf29a6ca036e6aa95957cf6cd33512c64e55e6ae576dbb2e,True,True,,True,currency_wars_equipment_040;currency_wars_equipment_045,True
currency_wars_equipment_069,生命之环,advanced,assets/currency_wars_equipment_icons/currency_wars_equipment_069.png,f61a5944c98c2e3d9db314585345c0e673df145de7ce9ba27cea447c8d9d2220,True,f61a5944c98c2e3d9db314585345c0e673df145de7ce9ba27cea447c8d9d2220,True,f61a5944c98c2e3d9db314585345c0e673df145de7ce9ba27cea447c8d9d2220,True,f61a5944c98c2e3d9db314585345c0e673df145de7ce9ba27cea447c8d9d2220,True,True,,True,currency_wars_equipment_045;currency_wars_equipment_045,True
currency_wars_equipment_070,电光履,advanced,assets/currency_wars_equipment_icons/currency_wars_equipment_070.png,88a4334ec2c83711532325576281581f338b1b709b968407b0c90458cf2b63b8,True,88a4334ec2c83711532325576281581f338b1b709b968407b0c90458cf2b63b8,True,88a4334ec2c83711532325576281581f338b1b709b968407b0c90458cf2b63b8,True,88a4334ec2c83711532325576281581f338b1b709b968407b0c90458cf2b63b8,True,True,,True,currency_wars_equipment_041;currency_wars_equipment_046,True
currency_wars_equipment_071,电磁弹射器,advanced,assets/currency_wars_equipment_icons/currency_wars_equipment_071.png,4a5f98d5703c2f8ec46dd348a41161178ef6976ea790711cc3bef4331708ec47,True,4a5f98d5703c2f8ec46dd348a41161178ef6976ea790711cc3bef4331708ec47,True,4a5f98d5703c2f8ec46dd348a41161178ef6976ea790711cc3bef4331708ec47,True,4a5f98d5703c2f8ec46dd348a41161178ef6976ea790711cc3bef4331708ec47,True,True,,True,currency_wars_equipment_042;currency_wars_equipment_046,True
currency_wars_equipment_072,痛觉阻断芯片,advanced,assets/currency_wars_equipment_icons/currency_wars_equipment_072.png,0e381740b644f074d8d57a640343a5197bba7c3469149f96c7d6bae8ea2d124b,True,0e381740b644f074d8d57a640343a5197bba7c3469149f96c7d6bae8ea2d124b,True,0e381740b644f074d8d57a640343a5197bba7c3469149f96c7d6bae8ea2d124b,True,0e381740b644f074d8d57a640343a5197bba7c3469149f96c7d6bae8ea2d124b,True,True,,True,currency_wars_equipment_047;currency_wars_equipment_045,True
currency_wars_equipment_073,碎星斩舰刀,advanced,assets/currency_wars_equipment_icons/currency_wars_equipment_073.png,bc53b2f878f643ce96519b04075f5e3d9301249e8c703dbeafc2c83098710fea,True,bc53b2f878f643ce96519b04075f5e3d9301249e8c703dbeafc2c83098710fea,True,bc53b2f878f643ce96519b04075f5e3d9301249e8c703dbeafc2c83098710fea,True,bc53b2f878f643ce96519b04075f5e3d9301249e8c703dbeafc2c83098710fea,True,True,,True,currency_wars_equipment_044;currency_wars_equipment_044,True
currency_wars_equipment_074,绝对热量,advanced,assets/currency_wars_equipment_icons/currency_wars_equipment_074.png,b7715ddb5c9dea4d24897d8f80a1c790c272ce6cbfa1ab336a6078c379b610d2,True,b7715ddb5c9dea4d24897d8f80a1c790c272ce6cbfa1ab336a6078c379b610d2,True,b7715ddb5c9dea4d24897d8f80a1c790c272ce6cbfa1ab336a6078c379b610d2,True,b7715ddb5c9dea4d24897d8f80a1c790c272ce6cbfa1ab336a6078c379b610d2,True,True,,True,currency_wars_equipment_041;currency_wars_equipment_045,True
currency_wars_equipment_075,胜利之旗,advanced,assets/currency_wars_equipment_icons/currency_wars_equipment_075.png,a7992e1a9bc95462f233d13ad4619571c80b69e62ddca7f14275f4abd006ea90,True,a7992e1a9bc95462f233d13ad4619571c80b69e62ddca7f14275f4abd006ea90,True,a7992e1a9bc95462f233d13ad4619571c80b69e62ddca7f14275f4abd006ea90,True,a7992e1a9bc95462f233d13ad4619571c80b69e62ddca7f14275f4abd006ea90,True,True,,True,currency_wars_equipment_040;currency_wars_equipment_043,True
currency_wars_equipment_076,自适应外骨骼,advanced,assets/currency_wars_equipment_icons/currency_wars_equipment_076.png,4f0536a5df57dbb1fd94fa4688a2da232f7e20347f9810ad0d3633404917eaac,True,4f0536a5df57dbb1fd94fa4688a2da232f7e20347f9810ad0d3633404917eaac,True,4f0536a5df57dbb1fd94fa4688a2da232f7e20347f9810ad0d3633404917eaac,True,4f0536a5df57dbb1fd94fa4688a2da232f7e20347f9810ad0d3633404917eaac,True,True,,True,currency_wars_equipment_047;currency_wars_equipment_042,True
currency_wars_equipment_077,蓄能帆,advanced,assets/currency_wars_equipment_icons/currency_wars_equipment_077.png,33121ab041df3a0573fb638f4687c2dabd116e0ba6f4ae08d6a0839d25affe9c,True,33121ab041df3a0573fb638f4687c2dabd116e0ba6f4ae08d6a0839d25affe9c,True,33121ab041df3a0573fb638f4687c2dabd116e0ba6f4ae08d6a0839d25affe9c,True,33121ab041df3a0573fb638f4687c2dabd116e0ba6f4ae08d6a0839d25affe9c,True,True,,True,currency_wars_equipment_041;currency_wars_equipment_042,True
currency_wars_equipment_078,虫洞掘进钻头,advanced,assets/currency_wars_equipment_icons/currency_wars_equipment_078.png,5468037f10a03db79db0ff7fd5c64de648cc4a5e9459279826d25a2e9d083302,True,5468037f10a03db79db0ff7fd5c64de648cc4a5e9459279826d25a2e9d083302,True,5468037f10a03db79db0ff7fd5c64de648cc4a5e9459279826d25a2e9d083302,True,5468037f10a03db79db0ff7fd5c64de648cc4a5e9459279826d25a2e9d083302,True,True,,True,currency_wars_equipment_040;currency_wars_equipment_040,True
currency_wars_equipment_079,行星钻地弹,advanced,assets/currency_wars_equipment_icons/currency_wars_equipment_079.png,057093a212c7dc7196a410cd1fae91fec7bd4e34113ea1ffe0fd38573350dc11,True,057093a212c7dc7196a410cd1fae91fec7bd4e34113ea1ffe0fd38573350dc11,True,057093a212c7dc7196a410cd1fae91fec7bd4e34113ea1ffe0fd38573350dc11,True,057093a212c7dc7196a410cd1fae91fec7bd4e34113ea1ffe0fd38573350dc11,True,True,,True,currency_wars_equipment_041;currency_wars_equipment_040,True
currency_wars_equipment_080,追逐星辰,advanced,assets/currency_wars_equipment_icons/currency_wars_equipment_080.png,ef05ef9c99143308d34121776f49b584f899a13afff12bc3d8ae58c6acac8898,True,ef05ef9c99143308d34121776f49b584f899a13afff12bc3d8ae58c6acac8898,True,ef05ef9c99143308d34121776f49b584f899a13afff12bc3d8ae58c6acac8898,True,ef05ef9c99143308d34121776f49b584f899a13afff12bc3d8ae58c6acac8898,True,True,,True,currency_wars_equipment_043;currency_wars_equipment_046,True
currency_wars_equipment_081,闪光手榴弹,advanced,assets/currency_wars_equipment_icons/currency_wars_equipment_081.png,014ef547bca716049301e771bb5f9ff025777d31210818901237269f6872a98b,True,014ef547bca716049301e771bb5f9ff025777d31210818901237269f6872a98b,True,014ef547bca716049301e771bb5f9ff025777d31210818901237269f6872a98b,True,014ef547bca716049301e771bb5f9ff025777d31210818901237269f6872a98b,True,True,,True,currency_wars_equipment_040;currency_wars_equipment_047,True
currency_wars_equipment_082,随便骰子,advanced,assets/currency_wars_equipment_icons/currency_wars_equipment_082.png,41503631a9126cb5eff4a7386e577541e7a29c980222264e131febf96517b31b,True,41503631a9126cb5eff4a7386e577541e7a29c980222264e131febf96517b31b,True,41503631a9126cb5eff4a7386e577541e7a29c980222264e131febf96517b31b,True,41503631a9126cb5eff4a7386e577541e7a29c980222264e131febf96517b31b,True,True,,True,currency_wars_equipment_043;currency_wars_equipment_043,True
currency_wars_equipment_083,高周波电锯,advanced,assets/currency_wars_equipment_icons/currency_wars_equipment_083.png,68bb0c44f85d14e6d41ada9323292b90c02acd6ff956315e456b912f73c8bf4e,True,68bb0c44f85d14e6d41ada9323292b90c02acd6ff956315e456b912f73c8bf4e,True,68bb0c44f85d14e6d41ada9323292b90c02acd6ff956315e456b912f73c8bf4e,True,68bb0c44f85d14e6d41ada9323292b90c02acd6ff956315e456b912f73c8bf4e,True,True,,True,currency_wars_equipment_043;currency_wars_equipment_044,True
currency_wars_equipment_084,红钻,gem_material,assets/currency_wars_equipment_icons/currency_wars_equipment_084.png,89a8842bef4cd82a65c23ccc24c11539b90bd4c9f3245e3d46d5238e1c1f7999,True,89a8842bef4cd82a65c23ccc24c11539b90bd4c9f3245e3d46d5238e1c1f7999,True,89a8842bef4cd82a65c23ccc24c11539b90bd4c9f3245e3d46d5238e1c1f7999,True,89a8842bef4cd82a65c23ccc24c11539b90bd4c9f3245e3d46d5238e1c1f7999,True,True,,True,,True
currency_wars_equipment_085,蓝钻,gem_material,assets/currency_wars_equipment_icons/currency_wars_equipment_085.png,7d996184f8090bd7a0bb79699810f2a9e1cdebd52fde7ed2cf34ec7e8e6d143c,True,7d996184f8090bd7a0bb79699810f2a9e1cdebd52fde7ed2cf34ec7e8e6d143c,True,7d996184f8090bd7a0bb79699810f2a9e1cdebd52fde7ed2cf34ec7e8e6d143c,True,7d996184f8090bd7a0bb79699810f2a9e1cdebd52fde7ed2cf34ec7e8e6d143c,True,True,,True,,True
currency_wars_equipment_086,财富宝钻,wealth_gem,assets/currency_wars_equipment_icons/currency_wars_equipment_086.png,1e13d90dc6590245df3aa2df61285035f1a37d311dba5770e7588e4d5e9543cb,True,1e13d90dc6590245df3aa2df61285035f1a37d311dba5770e7588e4d5e9543cb,True,1e13d90dc6590245df3aa2df61285035f1a37d311dba5770e7588e4d5e9543cb,True,1e13d90dc6590245df3aa2df61285035f1a37d311dba5770e7588e4d5e9543cb,True,True,,True,currency_wars_equipment_084;currency_wars_equipment_084,True
currency_wars_equipment_087,以牙还牙甲•特权,privileged,assets/currency_wars_equipment_icons/currency_wars_equipment_087.png,0111479a0ccb4585ccb931acbaab0e9771877936a5ce7ae10850242a446e0cb9,True,0111479a0ccb4585ccb931acbaab0e9771877936a5ce7ae10850242a446e0cb9,True,0111479a0ccb4585ccb931acbaab0e9771877936a5ce7ae10850242a446e0cb9,True,0111479a0ccb4585ccb931acbaab0e9771877936a5ce7ae10850242a446e0cb9,True,True,currency_wars_equipment_048,True,,True
currency_wars_equipment_088,信心注入器•特权,privileged,assets/currency_wars_equipment_icons/currency_wars_equipment_088.png,56bea7098d3578a24612068268e277f53e143b1aa23ac0d32df8afadca76c09e,True,56bea7098d3578a24612068268e277f53e143b1aa23ac0d32df8afadca76c09e,True,56bea7098d3578a24612068268e277f53e143b1aa23ac0d32df8afadca76c09e,True,56bea7098d3578a24612068268e277f53e143b1aa23ac0d32df8afadca76c09e,True,True,currency_wars_equipment_049,True,,True
currency_wars_equipment_089,光能盾牌•特权,privileged,assets/currency_wars_equipment_icons/currency_wars_equipment_089.png,4c7f19fa94a7b2845a067e086a52874e66cd3f35ffb3533a14b142dd475fb782,True,4c7f19fa94a7b2845a067e086a52874e66cd3f35ffb3533a14b142dd475fb782,True,4c7f19fa94a7b2845a067e086a52874e66cd3f35ffb3533a14b142dd475fb782,True,4c7f19fa94a7b2845a067e086a52874e66cd3f35ffb3533a14b142dd475fb782,True,True,currency_wars_equipment_050,True,,True
currency_wars_equipment_090,光速螺旋桨•特权,privileged,assets/currency_wars_equipment_icons/currency_wars_equipment_090.png,e6a8adcd7331b1036186a76b3190cd5746b58d89e84e5a6aa07a25860b760eb2,True,e6a8adcd7331b1036186a76b3190cd5746b58d89e84e5a6aa07a25860b760eb2,True,e6a8adcd7331b1036186a76b3190cd5746b58d89e84e5a6aa07a25860b760eb2,True,e6a8adcd7331b1036186a76b3190cd5746b58d89e84e5a6aa07a25860b760eb2,True,True,currency_wars_equipment_051,True,,True
currency_wars_equipment_091,冷笑话引擎•特权,privileged,assets/currency_wars_equipment_icons/currency_wars_equipment_091.png,8558d839f989cfece0189ce7007c88f6deb48c685f9cfb48fa717f2e85273cc9,True,8558d839f989cfece0189ce7007c88f6deb48c685f9cfb48fa717f2e85273cc9,True,8558d839f989cfece0189ce7007c88f6deb48c685f9cfb48fa717f2e85273cc9,True,8558d839f989cfece0189ce7007c88f6deb48c685f9cfb48fa717f2e85273cc9,True,True,currency_wars_equipment_052,True,,True
currency_wars_equipment_092,动能激发剑•特权,privileged,assets/currency_wars_equipment_icons/currency_wars_equipment_092.png,359b80002377cf9ecec3020db298d7dd3210dd5a6041da94304099da2f042d58,True,359b80002377cf9ecec3020db298d7dd3210dd5a6041da94304099da2f042d58,True,359b80002377cf9ecec3020db298d7dd3210dd5a6041da94304099da2f042d58,True,359b80002377cf9ecec3020db298d7dd3210dd5a6041da94304099da2f042d58,True,True,currency_wars_equipment_053,True,,True
currency_wars_equipment_093,反卫星狙击枪•特权,privileged,assets/currency_wars_equipment_icons/currency_wars_equipment_093.png,d56460779d29bc6f8e2169276f523f28c6e341ce95aa0905c903bd5e8cf415f5,True,d56460779d29bc6f8e2169276f523f28c6e341ce95aa0905c903bd5e8cf415f5,True,d56460779d29bc6f8e2169276f523f28c6e341ce95aa0905c903bd5e8cf415f5,True,d56460779d29bc6f8e2169276f523f28c6e341ce95aa0905c903bd5e8cf415f5,True,True,currency_wars_equipment_054,True,,True
currency_wars_equipment_094,反重力皮靴•特权,privileged,assets/currency_wars_equipment_icons/currency_wars_equipment_094.png,4ed72ae50d0fe4badc8ed4aa14681ede39657bbc080e4bc89bc2d18d90f145a3,True,4ed72ae50d0fe4badc8ed4aa14681ede39657bbc080e4bc89bc2d18d90f145a3,True,4ed72ae50d0fe4badc8ed4aa14681ede39657bbc080e4bc89bc2d18d90f145a3,True,4ed72ae50d0fe4badc8ed4aa14681ede39657bbc080e4bc89bc2d18d90f145a3,True,True,currency_wars_equipment_055,True,,True
currency_wars_equipment_095,天基轨道炮•特权,privileged,assets/currency_wars_equipment_icons/currency_wars_equipment_095.png,99b3abc3f7a8173db5accad10cbc62cf4dce5ea3fec2ed23e2d5f8f57c3ec898,True,99b3abc3f7a8173db5accad10cbc62cf4dce5ea3fec2ed23e2d5f8f57c3ec898,True,99b3abc3f7a8173db5accad10cbc62cf4dce5ea3fec2ed23e2d5f8f57c3ec898,True,99b3abc3f7a8173db5accad10cbc62cf4dce5ea3fec2ed23e2d5f8f57c3ec898,True,True,currency_wars_equipment_056,True,,True
currency_wars_equipment_096,很硬的甲•特权,privileged,assets/currency_wars_equipment_icons/currency_wars_equipment_096.png,fe7118a0d80b31261cc4d653850bc491820b4c1be3ba1dedf59a73cdf8eb8618,True,fe7118a0d80b31261cc4d653850bc491820b4c1be3ba1dedf59a73cdf8eb8618,True,fe7118a0d80b31261cc4d653850bc491820b4c1be3ba1dedf59a73cdf8eb8618,True,fe7118a0d80b31261cc4d653850bc491820b4c1be3ba1dedf59a73cdf8eb8618,True,True,currency_wars_equipment_057,True,,True
currency_wars_equipment_097,战场进化手册•特权,privileged,assets/currency_wars_equipment_icons/currency_wars_equipment_097.png,ceb9c15bd35a9524343fec674b485fc4c2695d6bc659a7a2ec311d65e9c4e78e,True,ceb9c15bd35a9524343fec674b485fc4c2695d6bc659a7a2ec311d65e9c4e78e,True,ceb9c15bd35a9524343fec674b485fc4c2695d6bc659a7a2ec311d65e9c4e78e,True,ceb9c15bd35a9524343fec674b485fc4c2695d6bc659a7a2ec311d65e9c4e78e,True,True,currency_wars_equipment_058,True,,True
currency_wars_equipment_098,掩体生成枪•特权,privileged,assets/currency_wars_equipment_icons/currency_wars_equipment_098.png,141d508a6fdef1b32355695aae4ce660ce2ab31ddd97f7a353192992fc7b6c83,True,141d508a6fdef1b32355695aae4ce660ce2ab31ddd97f7a353192992fc7b6c83,True,141d508a6fdef1b32355695aae4ce660ce2ab31ddd97f7a353192992fc7b6c83,True,141d508a6fdef1b32355695aae4ce660ce2ab31ddd97f7a353192992fc7b6c83,True,True,currency_wars_equipment_059,True,,True
currency_wars_equipment_099,斩首行动•特权,privileged,assets/currency_wars_equipment_icons/currency_wars_equipment_099.png,b0adf69dddd5d0a23fdd0fea212c0b83a830ed01a268fbdddcc3f9825bfbc7a5,True,b0adf69dddd5d0a23fdd0fea212c0b83a830ed01a268fbdddcc3f9825bfbc7a5,True,b0adf69dddd5d0a23fdd0fea212c0b83a830ed01a268fbdddcc3f9825bfbc7a5,True,b0adf69dddd5d0a23fdd0fea212c0b83a830ed01a268fbdddcc3f9825bfbc7a5,True,True,currency_wars_equipment_060,True,,True
currency_wars_equipment_100,杀红眼•特权,privileged,assets/currency_wars_equipment_icons/currency_wars_equipment_100.png,f521d20bc46c8e46893fa4ebed01e15fdc6732e627607eaaf062680cad852b7b,True,f521d20bc46c8e46893fa4ebed01e15fdc6732e627607eaaf062680cad852b7b,True,f521d20bc46c8e46893fa4ebed01e15fdc6732e627607eaaf062680cad852b7b,True,f521d20bc46c8e46893fa4ebed01e15fdc6732e627607eaaf062680cad852b7b,True,True,currency_wars_equipment_061,True,,True
currency_wars_equipment_101,步步生花•特权,privileged,assets/currency_wars_equipment_icons/currency_wars_equipment_101.png,4c8eae7c74f190fa5c1fd125f6edcf48bf821f2363f91e4ab6774e0fbb20b8b7,True,4c8eae7c74f190fa5c1fd125f6edcf48bf821f2363f91e4ab6774e0fbb20b8b7,True,4c8eae7c74f190fa5c1fd125f6edcf48bf821f2363f91e4ab6774e0fbb20b8b7,True,4c8eae7c74f190fa5c1fd125f6edcf48bf821f2363f91e4ab6774e0fbb20b8b7,True,True,currency_wars_equipment_062,True,,True
currency_wars_equipment_102,武器大师•特权,privileged,assets/currency_wars_equipment_icons/currency_wars_equipment_102.png,93348c2a315f9c98e8161bda98add1b8f30ca312fd1ca69d1b26d466f4dfcc06,True,93348c2a315f9c98e8161bda98add1b8f30ca312fd1ca69d1b26d466f4dfcc06,True,93348c2a315f9c98e8161bda98add1b8f30ca312fd1ca69d1b26d466f4dfcc06,True,93348c2a315f9c98e8161bda98add1b8f30ca312fd1ca69d1b26d466f4dfcc06,True,True,currency_wars_equipment_063,True,,True
currency_wars_equipment_103,永动机•特权,privileged,assets/currency_wars_equipment_icons/currency_wars_equipment_103.png,20f77f28e219c512cc588f109f488b5ea091da115a8a98ad2968abfc39b6ea7e,True,20f77f28e219c512cc588f109f488b5ea091da115a8a98ad2968abfc39b6ea7e,True,20f77f28e219c512cc588f109f488b5ea091da115a8a98ad2968abfc39b6ea7e,True,20f77f28e219c512cc588f109f488b5ea091da115a8a98ad2968abfc39b6ea7e,True,True,currency_wars_equipment_064,True,,True
currency_wars_equipment_104,流星飞翼•特权,privileged,assets/currency_wars_equipment_icons/currency_wars_equipment_104.png,563ed7f4a54407f1b8ee88e837789e264cb59f4cb17de0460115d5f747796d4b,True,563ed7f4a54407f1b8ee88e837789e264cb59f4cb17de0460115d5f747796d4b,True,563ed7f4a54407f1b8ee88e837789e264cb59f4cb17de0460115d5f747796d4b,True,563ed7f4a54407f1b8ee88e837789e264cb59f4cb17de0460115d5f747796d4b,True,True,currency_wars_equipment_065,True,,True
currency_wars_equipment_105,火力风暴潮•特权,privileged,assets/currency_wars_equipment_icons/currency_wars_equipment_105.png,3f53c178daa9ce82877b9e7bf4d39f0dcac781e269e892b800f0551c68d6f548,True,3f53c178daa9ce82877b9e7bf4d39f0dcac781e269e892b800f0551c68d6f548,True,3f53c178daa9ce82877b9e7bf4d39f0dcac781e269e892b800f0551c68d6f548,True,3f53c178daa9ce82877b9e7bf4d39f0dcac781e269e892b800f0551c68d6f548,True,True,currency_wars_equipment_066,True,,True
currency_wars_equipment_106,热血沸腾拳•特权,privileged,assets/currency_wars_equipment_icons/currency_wars_equipment_106.png,111a5d051a9c8ceea2486d22098c6f919130418e525d151f6098ce9fa1625389,True,111a5d051a9c8ceea2486d22098c6f919130418e525d151f6098ce9fa1625389,True,111a5d051a9c8ceea2486d22098c6f919130418e525d151f6098ce9fa1625389,True,111a5d051a9c8ceea2486d22098c6f919130418e525d151f6098ce9fa1625389,True,True,currency_wars_equipment_067,True,,True
currency_wars_equipment_107,物质分解液•特权,privileged,assets/currency_wars_equipment_icons/currency_wars_equipment_107.png,4204a0b84679223ecf29a6ca036e6aa95957cf6cd33512c64e55e6ae576dbb2e,True,4204a0b84679223ecf29a6ca036e6aa95957cf6cd33512c64e55e6ae576dbb2e,True,4204a0b84679223ecf29a6ca036e6aa95957cf6cd33512c64e55e6ae576dbb2e,True,4204a0b84679223ecf29a6ca036e6aa95957cf6cd33512c64e55e6ae576dbb2e,True,True,currency_wars_equipment_068,True,,True
currency_wars_equipment_108,生命之环•特权,privileged,assets/currency_wars_equipment_icons/currency_wars_equipment_108.png,f61a5944c98c2e3d9db314585345c0e673df145de7ce9ba27cea447c8d9d2220,True,f61a5944c98c2e3d9db314585345c0e673df145de7ce9ba27cea447c8d9d2220,True,f61a5944c98c2e3d9db314585345c0e673df145de7ce9ba27cea447c8d9d2220,True,f61a5944c98c2e3d9db314585345c0e673df145de7ce9ba27cea447c8d9d2220,True,True,currency_wars_equipment_069,True,,True
currency_wars_equipment_109,电光履•特权,privileged,assets/currency_wars_equipment_icons/currency_wars_equipment_109.png,88a4334ec2c83711532325576281581f338b1b709b968407b0c90458cf2b63b8,True,88a4334ec2c83711532325576281581f338b1b709b968407b0c90458cf2b63b8,True,88a4334ec2c83711532325576281581f338b1b709b968407b0c90458cf2b63b8,True,88a4334ec2c83711532325576281581f338b1b709b968407b0c90458cf2b63b8,True,True,currency_wars_equipment_070,True,,True
currency_wars_equipment_110,电磁弹射器•特权,privileged,assets/currency_wars_equipment_icons/currency_wars_equipment_110.png,4a5f98d5703c2f8ec46dd348a41161178ef6976ea790711cc3bef4331708ec47,True,4a5f98d5703c2f8ec46dd348a41161178ef6976ea790711cc3bef4331708ec47,True,4a5f98d5703c2f8ec46dd348a41161178ef6976ea790711cc3bef4331708ec47,True,4a5f98d5703c2f8ec46dd348a41161178ef6976ea790711cc3bef4331708ec47,True,True,currency_wars_equipment_071,True,,True
currency_wars_equipment_111,痛觉阻断芯片•特权,privileged,assets/currency_wars_equipment_icons/currency_wars_equipment_111.png,0e381740b644f074d8d57a640343a5197bba7c3469149f96c7d6bae8ea2d124b,True,0e381740b644f074d8d57a640343a5197bba7c3469149f96c7d6bae8ea2d124b,True,0e381740b644f074d8d57a640343a5197bba7c3469149f96c7d6bae8ea2d124b,True,0e381740b644f074d8d57a640343a5197bba7c3469149f96c7d6bae8ea2d124b,True,True,currency_wars_equipment_072,True,,True
currency_wars_equipment_112,碎星斩舰刀•特权,privileged,assets/currency_wars_equipment_icons/currency_wars_equipment_112.png,bc53b2f878f643ce96519b04075f5e3d9301249e8c703dbeafc2c83098710fea,True,bc53b2f878f643ce96519b04075f5e3d9301249e8c703dbeafc2c83098710fea,True,bc53b2f878f643ce96519b04075f5e3d9301249e8c703dbeafc2c83098710fea,True,bc53b2f878f643ce96519b04075f5e3d9301249e8c703dbeafc2c83098710fea,True,True,currency_wars_equipment_073,True,,True
currency_wars_equipment_113,绝对热量•特权,privileged,assets/currency_wars_equipment_icons/currency_wars_equipment_113.png,b7715ddb5c9dea4d24897d8f80a1c790c272ce6cbfa1ab336a6078c379b610d2,True,b7715ddb5c9dea4d24897d8f80a1c790c272ce6cbfa1ab336a6078c379b610d2,True,b7715ddb5c9dea4d24897d8f80a1c790c272ce6cbfa1ab336a6078c379b610d2,True,b7715ddb5c9dea4d24897d8f80a1c790c272ce6cbfa1ab336a6078c379b610d2,True,True,currency_wars_equipment_074,True,,True
currency_wars_equipment_114,胜利之旗•特权,privileged,assets/currency_wars_equipment_icons/currency_wars_equipment_114.png,a7992e1a9bc95462f233d13ad4619571c80b69e62ddca7f14275f4abd006ea90,True,a7992e1a9bc95462f233d13ad4619571c80b69e62ddca7f14275f4abd006ea90,True,a7992e1a9bc95462f233d13ad4619571c80b69e62ddca7f14275f4abd006ea90,True,a7992e1a9bc95462f233d13ad4619571c80b69e62ddca7f14275f4abd006ea90,True,True,currency_wars_equipment_075,True,,True
currency_wars_equipment_115,自适应外骨骼•特权,privileged,assets/currency_wars_equipment_icons/currency_wars_equipment_115.png,4f0536a5df57dbb1fd94fa4688a2da232f7e20347f9810ad0d3633404917eaac,True,4f0536a5df57dbb1fd94fa4688a2da232f7e20347f9810ad0d3633404917eaac,True,4f0536a5df57dbb1fd94fa4688a2da232f7e20347f9810ad0d3633404917eaac,True,4f0536a5df57dbb1fd94fa4688a2da232f7e20347f9810ad0d3633404917eaac,True,True,currency_wars_equipment_076,True,,True
currency_wars_equipment_116,蓄能帆•特权,privileged,assets/currency_wars_equipment_icons/currency_wars_equipment_116.png,33121ab041df3a0573fb638f4687c2dabd116e0ba6f4ae08d6a0839d25affe9c,True,33121ab041df3a0573fb638f4687c2dabd116e0ba6f4ae08d6a0839d25affe9c,True,33121ab041df3a0573fb638f4687c2dabd116e0ba6f4ae08d6a0839d25affe9c,True,33121ab041df3a0573fb638f4687c2dabd116e0ba6f4ae08d6a0839d25affe9c,True,True,currency_wars_equipment_077,True,,True
currency_wars_equipment_117,虫洞掘进钻头•特权,privileged,assets/currency_wars_equipment_icons/currency_wars_equipment_117.png,5468037f10a03db79db0ff7fd5c64de648cc4a5e9459279826d25a2e9d083302,True,5468037f10a03db79db0ff7fd5c64de648cc4a5e9459279826d25a2e9d083302,True,5468037f10a03db79db0ff7fd5c64de648cc4a5e9459279826d25a2e9d083302,True,5468037f10a03db79db0ff7fd5c64de648cc4a5e9459279826d25a2e9d083302,True,True,currency_wars_equipment_078,True,,True
currency_wars_equipment_118,行星钻地弹•特权,privileged,assets/currency_wars_equipment_icons/currency_wars_equipment_118.png,057093a212c7dc7196a410cd1fae91fec7bd4e34113ea1ffe0fd38573350dc11,True,057093a212c7dc7196a410cd1fae91fec7bd4e34113ea1ffe0fd38573350dc11,True,057093a212c7dc7196a410cd1fae91fec7bd4e34113ea1ffe0fd38573350dc11,True,057093a212c7dc7196a410cd1fae91fec7bd4e34113ea1ffe0fd38573350dc11,True,True,currency_wars_equipment_079,True,,True
currency_wars_equipment_119,追逐星辰•特权,privileged,assets/currency_wars_equipment_icons/currency_wars_equipment_119.png,ef05ef9c99143308d34121776f49b584f899a13afff12bc3d8ae58c6acac8898,True,ef05ef9c99143308d34121776f49b584f899a13afff12bc3d8ae58c6acac8898,True,ef05ef9c99143308d34121776f49b584f899a13afff12bc3d8ae58c6acac8898,True,ef05ef9c99143308d34121776f49b584f899a13afff12bc3d8ae58c6acac8898,True,True,currency_wars_equipment_080,True,,True
currency_wars_equipment_120,闪光手榴弹•特权,privileged,assets/currency_wars_equipment_icons/currency_wars_equipment_120.png,014ef547bca716049301e771bb5f9ff025777d31210818901237269f6872a98b,True,014ef547bca716049301e771bb5f9ff025777d31210818901237269f6872a98b,True,014ef547bca716049301e771bb5f9ff025777d31210818901237269f6872a98b,True,014ef547bca716049301e771bb5f9ff025777d31210818901237269f6872a98b,True,True,currency_wars_equipment_081,True,,True
currency_wars_equipment_121,随便骰子•特权,privileged,assets/currency_wars_equipment_icons/currency_wars_equipment_121.png,41503631a9126cb5eff4a7386e577541e7a29c980222264e131febf96517b31b,True,41503631a9126cb5eff4a7386e577541e7a29c980222264e131febf96517b31b,True,41503631a9126cb5eff4a7386e577541e7a29c980222264e131febf96517b31b,True,41503631a9126cb5eff4a7386e577541e7a29c980222264e131febf96517b31b,True,True,currency_wars_equipment_082,True,,True
currency_wars_equipment_122,高周波电锯•特权,privileged,assets/currency_wars_equipment_icons/currency_wars_equipment_122.png,68bb0c44f85d14e6d41ada9323292b90c02acd6ff956315e456b912f73c8bf4e,True,68bb0c44f85d14e6d41ada9323292b90c02acd6ff956315e456b912f73c8bf4e,True,68bb0c44f85d14e6d41ada9323292b90c02acd6ff956315e456b912f73c8bf4e,True,68bb0c44f85d14e6d41ada9323292b90c02acd6ff956315e456b912f73c8bf4e,True,True,currency_wars_equipment_083,True,,True
currency_wars_equipment_123,仙舟星徽,faction_emblem,assets/currency_wars_equipment_icons/currency_wars_equipment_123.png,38a5e8c5f8a6501e4f39d29f089f8285f6c436da2e3565efb22ebb032fc10ead,True,38a5e8c5f8a6501e4f39d29f089f8285f6c436da2e3565efb22ebb032fc10ead,True,38a5e8c5f8a6501e4f39d29f089f8285f6c436da2e3565efb22ebb032fc10ead,True,38a5e8c5f8a6501e4f39d29f089f8285f6c436da2e3565efb22ebb032fc10ead,True,True,,True,currency_wars_equipment_084;currency_wars_equipment_044,True
currency_wars_equipment_124,列车同行星徽,faction_emblem,assets/currency_wars_equipment_icons/currency_wars_equipment_124.png,2869b5b66d622304f025a8128beea24990f68ece240482a1765a59a6301e70b3,True,2869b5b66d622304f025a8128beea24990f68ece240482a1765a59a6301e70b3,True,2869b5b66d622304f025a8128beea24990f68ece240482a1765a59a6301e70b3,True,2869b5b66d622304f025a8128beea24990f68ece240482a1765a59a6301e70b3,True,True,,True,,True
currency_wars_equipment_125,夜之半神星徽,faction_emblem,assets/currency_wars_equipment_icons/currency_wars_equipment_125.png,aa71050e1b417b0fd8e55512fbbc3a97d5cf5c0b53d8b92ffca2f775c3a8e688,True,aa71050e1b417b0fd8e55512fbbc3a97d5cf5c0b53d8b92ffca2f775c3a8e688,True,aa71050e1b417b0fd8e55512fbbc3a97d5cf5c0b53d8b92ffca2f775c3a8e688,True,aa71050e1b417b0fd8e55512fbbc3a97d5cf5c0b53d8b92ffca2f775c3a8e688,True,True,,True,currency_wars_equipment_084;currency_wars_equipment_042,True
currency_wars_equipment_126,星间旅人星徽,faction_emblem,assets/currency_wars_equipment_icons/currency_wars_equipment_126.png,c16bcfcf474563dc9990b04fe05763aff710c3d8faed01b11adc4ddf9d2410bc,True,c16bcfcf474563dc9990b04fe05763aff710c3d8faed01b11adc4ddf9d2410bc,True,c16bcfcf474563dc9990b04fe05763aff710c3d8faed01b11adc4ddf9d2410bc,True,c16bcfcf474563dc9990b04fe05763aff710c3d8faed01b11adc4ddf9d2410bc,True,True,,True,currency_wars_equipment_084;currency_wars_equipment_040,True
currency_wars_equipment_127,昼之半神星徽,faction_emblem,assets/currency_wars_equipment_icons/currency_wars_equipment_127.png,dccf11fdb09f71f7f570f079cfd58863fd7757dad39bdba3ff03eee4349c0c56,True,dccf11fdb09f71f7f570f079cfd58863fd7757dad39bdba3ff03eee4349c0c56,True,dccf11fdb09f71f7f570f079cfd58863fd7757dad39bdba3ff03eee4349c0c56,True,dccf11fdb09f71f7f570f079cfd58863fd7757dad39bdba3ff03eee4349c0c56,True,True,,True,currency_wars_equipment_084;currency_wars_equipment_046,True
currency_wars_equipment_128,狼狩星徽,faction_emblem,assets/currency_wars_equipment_icons/currency_wars_equipment_128.png,9f2a9834bcd8371c975a437b2b5cf1152563aad16093868017f4f7f19489e37c,True,9f2a9834bcd8371c975a437b2b5cf1152563aad16093868017f4f7f19489e37c,True,9f2a9834bcd8371c975a437b2b5cf1152563aad16093868017f4f7f19489e37c,True,9f2a9834bcd8371c975a437b2b5cf1152563aad16093868017f4f7f19489e37c,True,True,,True,currency_wars_equipment_084;currency_wars_equipment_045,True
currency_wars_equipment_129,盛会之星星徽,faction_emblem,assets/currency_wars_equipment_icons/currency_wars_equipment_129.png,710a48b9c446d50c60fc386e373a1c3cf25fdf4ee5e547c2f4fb31369d7b81d3,True,710a48b9c446d50c60fc386e373a1c3cf25fdf4ee5e547c2f4fb31369d7b81d3,True,710a48b9c446d50c60fc386e373a1c3cf25fdf4ee5e547c2f4fb31369d7b81d3,True,710a48b9c446d50c60fc386e373a1c3cf25fdf4ee5e547c2f4fb31369d7b81d3,True,True,,True,currency_wars_equipment_084;currency_wars_equipment_043,True
currency_wars_equipment_130,贝洛伯格星徽,faction_emblem,assets/currency_wars_equipment_icons/currency_wars_equipment_130.png,81b1786cfd6e9b9e549d6a6b7323dc02e6d40a3b3ca7a85315d3faaeb5e029b7,True,81b1786cfd6e9b9e549d6a6b7323dc02e6d40a3b3ca7a85315d3faaeb5e029b7,True,81b1786cfd6e9b9e549d6a6b7323dc02e6d40a3b3ca7a85315d3faaeb5e029b7,True,81b1786cfd6e9b9e549d6a6b7323dc02e6d40a3b3ca7a85315d3faaeb5e029b7,True,True,,True,currency_wars_equipment_084;currency_wars_equipment_047,True
currency_wars_equipment_131,银河学者星徽,faction_emblem,assets/currency_wars_equipment_icons/currency_wars_equipment_131.png,7dae9e939ac94f2c746eca6de9bd3728fbe82ff62eb553d39216af4088141975,True,7dae9e939ac94f2c746eca6de9bd3728fbe82ff62eb553d39216af4088141975,True,7dae9e939ac94f2c746eca6de9bd3728fbe82ff62eb553d39216af4088141975,True,7dae9e939ac94f2c746eca6de9bd3728fbe82ff62eb553d39216af4088141975,True,True,,True,currency_wars_equipment_084;currency_wars_equipment_041,True
currency_wars_equipment_132,减益星徽,style_emblem,assets/currency_wars_equipment_icons/currency_wars_equipment_132.png,585a2587813f1f4bfd773e2130ed0ca0b8de2f02290f404ad95bbbe11e929b10,True,585a2587813f1f4bfd773e2130ed0ca0b8de2f02290f404ad95bbbe11e929b10,True,585a2587813f1f4bfd773e2130ed0ca0b8de2f02290f404ad95bbbe11e929b10,True,585a2587813f1f4bfd773e2130ed0ca0b8de2f02290f404ad95bbbe11e929b10,True,True,,True,currency_wars_equipment_042;currency_wars_equipment_085,True
currency_wars_equipment_133,击破星徽,style_emblem,assets/currency_wars_equipment_icons/currency_wars_equipment_133.png,870f1be4b0c3e3e61e4e5b81f1664a50b5a6198641651097ea723bfa39e74415,True,870f1be4b0c3e3e61e4e5b81f1664a50b5a6198641651097ea723bfa39e74415,True,870f1be4b0c3e3e61e4e5b81f1664a50b5a6198641651097ea723bfa39e74415,True,870f1be4b0c3e3e61e4e5b81f1664a50b5a6198641651097ea723bfa39e74415,True,True,,True,currency_wars_equipment_040;currency_wars_equipment_085,True
currency_wars_equipment_134,战技点星徽,style_emblem,assets/currency_wars_equipment_icons/currency_wars_equipment_134.png,8af9217d459ceb46087dd63761c0fd1bb201b2efb4f7c258c58ab2a8a1fc5428,True,8af9217d459ceb46087dd63761c0fd1bb201b2efb4f7c258c58ab2a8a1fc5428,True,8af9217d459ceb46087dd63761c0fd1bb201b2efb4f7c258c58ab2a8a1fc5428,True,8af9217d459ceb46087dd63761c0fd1bb201b2efb4f7c258c58ab2a8a1fc5428,True,True,,True,currency_wars_equipment_044;currency_wars_equipment_085,True
currency_wars_equipment_135,护盾星徽,style_emblem,assets/currency_wars_equipment_icons/currency_wars_equipment_135.png,bc44eee255bb1d4f622ffb9bbe1da30f5b6b594ddf60c3a72e885736878c24d8,True,bc44eee255bb1d4f622ffb9bbe1da30f5b6b594ddf60c3a72e885736878c24d8,True,bc44eee255bb1d4f622ffb9bbe1da30f5b6b594ddf60c3a72e885736878c24d8,True,bc44eee255bb1d4f622ffb9bbe1da30f5b6b594ddf60c3a72e885736878c24d8,True,True,,True,,True
currency_wars_equipment_136,持续伤害星徽,style_emblem,assets/currency_wars_equipment_icons/currency_wars_equipment_136.png,725f266ea49995ee8f41806ec5cf20b7c3a0bc0ca8cd50d083022d166b3aa3cc,True,725f266ea49995ee8f41806ec5cf20b7c3a0bc0ca8cd50d083022d166b3aa3cc,True,725f266ea49995ee8f41806ec5cf20b7c3a0bc0ca8cd50d083022d166b3aa3cc,True,725f266ea49995ee8f41806ec5cf20b7c3a0bc0ca8cd50d083022d166b3aa3cc,True,True,,True,currency_wars_equipment_047;currency_wars_equipment_085,True
currency_wars_equipment_137,治疗星徽,style_emblem,assets/currency_wars_equipment_icons/currency_wars_equipment_137.png,9bbeb50daf0a95e2ce786c53f82303d2d40ad7bc3eefd9653f701867f922aacf,True,9bbeb50daf0a95e2ce786c53f82303d2d40ad7bc3eefd9653f701867f922aacf,True,9bbeb50daf0a95e2ce786c53f82303d2d40ad7bc3eefd9653f701867f922aacf,True,9bbeb50daf0a95e2ce786c53f82303d2d40ad7bc3eefd9653f701867f922aacf,True,True,,True,,True
currency_wars_equipment_138,燃血星徽,style_emblem,assets/currency_wars_equipment_icons/currency_wars_equipment_138.png,8003530a04476b75315bda28e9874c06a97faef18906c0fe57e11954930445f5,True,8003530a04476b75315bda28e9874c06a97faef18906c0fe57e11954930445f5,True,8003530a04476b75315bda28e9874c06a97faef18906c0fe57e11954930445f5,True,8003530a04476b75315bda28e9874c06a97faef18906c0fe57e11954930445f5,True,True,,True,currency_wars_equipment_045;currency_wars_equipment_085,True
currency_wars_equipment_139,群攻星徽,style_emblem,assets/currency_wars_equipment_icons/currency_wars_equipment_139.png,97668b0024b2fe93b402593edc60fe012573248ccd6c6d0197abbd00317c7647,True,97668b0024b2fe93b402593edc60fe012573248ccd6c6d0197abbd00317c7647,True,97668b0024b2fe93b402593edc60fe012573248ccd6c6d0197abbd00317c7647,True,97668b0024b2fe93b402593edc60fe012573248ccd6c6d0197abbd00317c7647,True,True,,True,currency_wars_equipment_043;currency_wars_equipment_085,True
currency_wars_equipment_140,能量星徽,style_emblem,assets/currency_wars_equipment_icons/currency_wars_equipment_140.png,6bf18d593f86e4963b0ac3862024e6a45424db064e41a5fe8dc55cb91f7dec5f,True,6bf18d593f86e4963b0ac3862024e6a45424db064e41a5fe8dc55cb91f7dec5f,True,6bf18d593f86e4963b0ac3862024e6a45424db064e41a5fe8dc55cb91f7dec5f,True,6bf18d593f86e4963b0ac3862024e6a45424db064e41a5fe8dc55cb91f7dec5f,True,True,,True,currency_wars_equipment_041;currency_wars_equipment_085,True
currency_wars_equipment_141,追击星徽,style_emblem,assets/currency_wars_equipment_icons/currency_wars_equipment_141.png,665cbd400c31a3fc7c53968301bbee428275924775d69d0848d631924c94c4cd,True,665cbd400c31a3fc7c53968301bbee428275924775d69d0848d631924c94c4cd,True,665cbd400c31a3fc7c53968301bbee428275924775d69d0848d631924c94c4cd,True,665cbd400c31a3fc7c53968301bbee428275924775d69d0848d631924c94c4cd,True,True,,True,currency_wars_equipment_046;currency_wars_equipment_085,True
currency_wars_equipment_142,量子同频星徽,style_emblem,assets/currency_wars_equipment_icons/currency_wars_equipment_142.png,cea8385b73e582e4c3ce4889fdc34ee4bdef30e897e43d077fc9f751015b2ca2,True,cea8385b73e582e4c3ce4889fdc34ee4bdef30e897e43d077fc9f751015b2ca2,True,cea8385b73e582e4c3ce4889fdc34ee4bdef30e897e43d077fc9f751015b2ca2,True,cea8385b73e582e4c3ce4889fdc34ee4bdef30e897e43d077fc9f751015b2ca2,True,True,,True,,True
currency_wars_equipment_143,极•白昼•光速螺旋桨,bond_equipment,assets/currency_wars_equipment_icons/currency_wars_equipment_143.png,e6a8adcd7331b1036186a76b3190cd5746b58d89e84e5a6aa07a25860b760eb2,True,e6a8adcd7331b1036186a76b3190cd5746b58d89e84e5a6aa07a25860b760eb2,True,e6a8adcd7331b1036186a76b3190cd5746b58d89e84e5a6aa07a25860b760eb2,True,e6a8adcd7331b1036186a76b3190cd5746b58d89e84e5a6aa07a25860b760eb2,True,True,,True,,True
currency_wars_equipment_144,极•白昼•斩首行动,bond_equipment,assets/currency_wars_equipment_icons/currency_wars_equipment_144.png,b0adf69dddd5d0a23fdd0fea212c0b83a830ed01a268fbdddcc3f9825bfbc7a5,True,b0adf69dddd5d0a23fdd0fea212c0b83a830ed01a268fbdddcc3f9825bfbc7a5,True,b0adf69dddd5d0a23fdd0fea212c0b83a830ed01a268fbdddcc3f9825bfbc7a5,True,b0adf69dddd5d0a23fdd0fea212c0b83a830ed01a268fbdddcc3f9825bfbc7a5,True,True,,True,,True
currency_wars_equipment_145,极•白昼•武器大师,bond_equipment,assets/currency_wars_equipment_icons/currency_wars_equipment_145.png,93348c2a315f9c98e8161bda98add1b8f30ca312fd1ca69d1b26d466f4dfcc06,True,93348c2a315f9c98e8161bda98add1b8f30ca312fd1ca69d1b26d466f4dfcc06,True,93348c2a315f9c98e8161bda98add1b8f30ca312fd1ca69d1b26d466f4dfcc06,True,93348c2a315f9c98e8161bda98add1b8f30ca312fd1ca69d1b26d466f4dfcc06,True,True,,True,,True
currency_wars_equipment_146,白昼•光速螺旋桨,bond_equipment,assets/currency_wars_equipment_icons/currency_wars_equipment_146.png,e6a8adcd7331b1036186a76b3190cd5746b58d89e84e5a6aa07a25860b760eb2,True,e6a8adcd7331b1036186a76b3190cd5746b58d89e84e5a6aa07a25860b760eb2,True,e6a8adcd7331b1036186a76b3190cd5746b58d89e84e5a6aa07a25860b760eb2,True,e6a8adcd7331b1036186a76b3190cd5746b58d89e84e5a6aa07a25860b760eb2,True,True,,True,,True
currency_wars_equipment_147,白昼•斩首行动,bond_equipment,assets/currency_wars_equipment_icons/currency_wars_equipment_147.png,b0adf69dddd5d0a23fdd0fea212c0b83a830ed01a268fbdddcc3f9825bfbc7a5,True,b0adf69dddd5d0a23fdd0fea212c0b83a830ed01a268fbdddcc3f9825bfbc7a5,True,b0adf69dddd5d0a23fdd0fea212c0b83a830ed01a268fbdddcc3f9825bfbc7a5,True,b0adf69dddd5d0a23fdd0fea212c0b83a830ed01a268fbdddcc3f9825bfbc7a5,True,True,,True,,True
currency_wars_equipment_148,白昼•武器大师,bond_equipment,assets/currency_wars_equipment_icons/currency_wars_equipment_148.png,93348c2a315f9c98e8161bda98add1b8f30ca312fd1ca69d1b26d466f4dfcc06,True,93348c2a315f9c98e8161bda98add1b8f30ca312fd1ca69d1b26d466f4dfcc06,True,93348c2a315f9c98e8161bda98add1b8f30ca312fd1ca69d1b26d466f4dfcc06,True,93348c2a315f9c98e8161bda98add1b8f30ca312fd1ca69d1b26d466f4dfcc06,True,True,,True,,True
currency_wars_equipment_149,冶金炉,consumable,assets/currency_wars_equipment_icons/currency_wars_equipment_149.png,52909de2e822053c674356b2f226e42ec3431c9352facfabee595f226b0fb0d2,True,52909de2e822053c674356b2f226e42ec3431c9352facfabee595f226b0fb0d2,True,52909de2e822053c674356b2f226e42ec3431c9352facfabee595f226b0fb0d2,True,52909de2e822053c674356b2f226e42ec3431c9352facfabee595f226b0fb0d2,True,True,,True,,True
currency_wars_equipment_150,员工投影仪,consumable,assets/currency_wars_equipment_icons/currency_wars_equipment_150.png,47ab81a776419ebfbf96b932d1478c479722741510867f78d6185af939c1d524,True,47ab81a776419ebfbf96b932d1478c479722741510867f78d6185af939c1d524,True,47ab81a776419ebfbf96b932d1478c479722741510867f78d6185af939c1d524,True,47ab81a776419ebfbf96b932d1478c479722741510867f78d6185af939c1d524,True,True,,True,,True
currency_wars_equipment_151,好运令牌,consumable,assets/currency_wars_equipment_icons/currency_wars_equipment_151.png,16a3b61d5ea6814e5356616d975dc92138dd7caa538d2c7d8107615acf9666b7,True,16a3b61d5ea6814e5356616d975dc92138dd7caa538d2c7d8107615acf9666b7,True,16a3b61d5ea6814e5356616d975dc92138dd7caa538d2c7d8107615acf9666b7,True,16a3b61d5ea6814e5356616d975dc92138dd7caa538d2c7d8107615acf9666b7,True,True,,True,,True
currency_wars_equipment_152,完美投影仪,consumable,assets/currency_wars_equipment_icons/currency_wars_equipment_152.png,a26c1fad95d900395c1970af71cb8e27ef8cb33e813612f8b95688e1597adcc8,True,a26c1fad95d900395c1970af71cb8e27ef8cb33e813612f8b95688e1597adcc8,True,a26c1fad95d900395c1970af71cb8e27ef8cb33e813612f8b95688e1597adcc8,True,a26c1fad95d900395c1970af71cb8e27ef8cb33e813612f8b95688e1597adcc8,True,True,,True,,True
currency_wars_equipment_153,拆装扳手,consumable,assets/currency_wars_equipment_icons/currency_wars_equipment_153.png,9844590643c43ac6f7fafc0d4c46f0139fa14587939c1b4a1179756fb930d083,True,9844590643c43ac6f7fafc0d4c46f0139fa14587939c1b4a1179756fb930d083,True,9844590643c43ac6f7fafc0d4c46f0139fa14587939c1b4a1179756fb930d083,True,9844590643c43ac6f7fafc0d4c46f0139fa14587939c1b4a1179756fb930d083,True,True,,True,,True
currency_wars_equipment_154,特权赋予卡,consumable,assets/currency_wars_equipment_icons/currency_wars_equipment_154.png,4ef96afdd43945d75018892980415b2c408c8c6e6cb8146b47590a7024835655,True,4ef96afdd43945d75018892980415b2c408c8c6e6cb8146b47590a7024835655,True,4ef96afdd43945d75018892980415b2c408c8c6e6cb8146b47590a7024835655,True,4ef96afdd43945d75018892980415b2c408c8c6e6cb8146b47590a7024835655,True,True,,True,,True
currency_wars_equipment_155,精密拆装扳手,consumable,assets/currency_wars_equipment_icons/currency_wars_equipment_155.png,eef0a6e2130743ff0573605b704486f6302e6cd69ce21a34696b29501ee3da40,True,eef0a6e2130743ff0573605b704486f6302e6cd69ce21a34696b29501ee3da40,True,eef0a6e2130743ff0573605b704486f6302e6cd69ce21a34696b29501ee3da40,True,eef0a6e2130743ff0573605b704486f6302e6cd69ce21a34696b29501ee3da40,True,True,,True,,True
currency_wars_equipment_156,特权武装箱,armament_box,assets/currency_wars_equipment_icons/currency_wars_equipment_156.png,711860952e82f3e60ade4dc4c1bab8ca671ad4e6bf29b651240a81ee20041448,True,711860952e82f3e60ade4dc4c1bab8ca671ad4e6bf29b651240a81ee20041448,True,711860952e82f3e60ade4dc4c1bab8ca671ad4e6bf29b651240a81ee20041448,True,711860952e82f3e60ade4dc4c1bab8ca671ad4e6bf29b651240a81ee20041448,True,True,,True,,True
currency_wars_equipment_157,简易武装箱,armament_box,assets/currency_wars_equipment_icons/currency_wars_equipment_157.png,a71aaabf88d868e61717a8a8a855a11e9ec2a93cbb19b197f3cd5a113db39d7d,True,a71aaabf88d868e61717a8a8a855a11e9ec2a93cbb19b197f3cd5a113db39d7d,True,a71aaabf88d868e61717a8a8a855a11e9ec2a93cbb19b197f3cd5a113db39d7d,True,a71aaabf88d868e61717a8a8a855a11e9ec2a93cbb19b197f3cd5a113db39d7d,True,True,,True,,True
currency_wars_equipment_158,进阶武装箱,armament_box,assets/currency_wars_equipment_icons/currency_wars_equipment_158.png,9ba802baa6ddbac5a2350d9193e4ca9e989c507bd87610612a1a506e7e1bf1cb,True,9ba802baa6ddbac5a2350d9193e4ca9e989c507bd87610612a1a506e7e1bf1cb,True,9ba802baa6ddbac5a2350d9193e4ca9e989c507bd87610612a1a506e7e1bf1cb,True,9ba802baa6ddbac5a2350d9193e4ca9e989c507bd87610612a1a506e7e1bf1cb,True,True,,True,,True
currency_wars_equipment_159,星徽秘典,special_item,assets/currency_wars_equipment_icons/currency_wars_equipment_159.png,a53c1ec7a89554e14c61ba004aa0b670bc79f14111e74ff11a37cf8ce3396359,True,a53c1ec7a89554e14c61ba004aa0b670bc79f14111e74ff11a37cf8ce3396359,True,a53c1ec7a89554e14c61ba004aa0b670bc79f14111e74ff11a37cf8ce3396359,True,a53c1ec7a89554e14c61ba004aa0b670bc79f14111e74ff11a37cf8ce3396359,True,True,,True,,True
